B,m,N_total,var_bar,se,ci_low,ci_high,var_true,abs_err
200,10000,2000000,3.722995472499125,0.004706087535836353,3.710873394319252,3.7351175506789986,3.7167114590571564,0.006284013441968828
